Food Name,Review
Apple Pie,Amazing texture and taste combination.
Apple Pie,"Medium quality, meets basic expectations."
Beef Burger,A delightful culinary experience.
Beef Burger,"Absolutely delicious, bursting with flavor!"
Beef Burger,Incredibly satisfying and flavorful.
Beef Burger,A delightful culinary experience.
Beef Burger,Perfectly cooked and seasoned just right.
Beef Burger,Wonderfully prepared and beautifully presented.
Beef Burger,"Decent food, nothing special."
Beef Burger,Badly cooked and underseasoned.
Burrito Bowl,Outstanding quality and portion size.
Burrito Bowl,"Exceeded my expectations, will order again!"
Burrito Bowl,Incredibly satisfying and flavorful.
Burrito Bowl,Wonderfully prepared and beautifully presented.
Burrito Bowl,Wonderfully prepared and beautifully presented.
Burrito Bowl,"Average taste, could be better."
Burrito Bowl,Acceptable quality for the price.
Burrito Bowl,Very disappointing experience.
Caesar Salad,"Absolutely delicious, bursting with flavor!"
Caesar Salad,Not worth the price at all.
Caesar Salad,Complete waste of money.
Caesar Salad,Not worth the price at all.
Chicken Tikka Masala,A delightful culinary experience.
Chicken Tikka Masala,Perfect balance of ingredients and seasoning.
Chicken Tikka Masala,Outstanding quality and portion size.
Chicken Tikka Masala,Incredibly satisfying and flavorful.
Chicken Tikka Masala,Pretty standard preparation.
Chicken Tikka Masala,Lacking in flavor and freshness.
Chocolate Cake,Perfect balance of ingredients and seasoning.
Chocolate Cake,"Absolutely delicious, bursting with flavor!"
Chocolate Cake,Wonderfully prepared and beautifully presented.
Chocolate Cake,Incredibly satisfying and flavorful.
Fish and Chips,"Absolutely delicious, bursting with flavor!"
Fish and Chips,"Absolutely delicious, bursting with flavor!"
Fish and Chips,Incredibly satisfying and flavorful.
Fish and Chips,A delightful culinary experience.
Fish and Chips,"Medium quality, meets basic expectations."
Fish and Chips,"Decent food, nothing special."
Fish and Chips,Acceptable quality for the price.
Fish and Chips,Very disappointing experience.
French Fries,Fresh ingredients and excellent preparation.
French Fries,"Absolutely delicious, bursting with flavor!"
French Fries,"Not bad, but not great either."
French Fries,Not worth the price at all.
French Fries,Badly cooked and underseasoned.
Greek Yogurt,Perfect balance of ingredients and seasoning.
Greek Yogurt,Perfectly cooked and seasoned just right.
Greek Yogurt,"Decent food, nothing special."
Greek Yogurt,"Somewhat typical, nothing memorable."
Greek Yogurt,"Not bad, but not great either."
Greek Yogurt,Badly cooked and underseasoned.
Green Smoothie,"Absolutely delicious, bursting with flavor!"
Green Smoothie,"Exceeded my expectations, will order again!"
Green Smoothie,Incredibly satisfying and flavorful.
Green Smoothie,Would not recommend to others.
Grilled Salmon,Fresh ingredients and excellent preparation.
Grilled Salmon,Outstanding quality and portion size.
Grilled Salmon,"Not bad, but not great either."
Grilled Salmon,"Not bad, but not great either."
Grilled Salmon,"Somewhat typical, nothing memorable."
Grilled Salmon,Below average taste and quality.
Grilled Salmon,Lacking in flavor and freshness.
Ice Cream Sundae,Neither impressive nor disappointing.
Ice Cream Sundae,Disappointing flavor and preparation.
Ice Cream Sundae,Not worth the price at all.
Lamb Curry,Perfectly cooked and seasoned just right.
Lamb Curry,Wonderfully prepared and beautifully presented.
Mushroom Risotto,Perfectly cooked and seasoned just right.
Mushroom Risotto,"Absolutely delicious, bursting with flavor!"
Mushroom Risotto,Pretty standard preparation.
Pad Thai,Acceptable quality for the price.
Pad Thai,"Just okay, wouldn't rush back."
Pasta Carbonara,"Absolutely delicious, bursting with flavor!"
Pasta Carbonara,Pretty standard preparation.
Pasta Carbonara,"Medium quality, meets basic expectations."
Pasta Carbonara,"Just okay, wouldn't rush back."
Pizza Margherita,Perfectly cooked and seasoned just right.
Pizza Margherita,"Absolutely delicious, bursting with flavor!"
Pizza Margherita,"Exceeded my expectations, will order again!"
Pizza Margherita,"Somewhat typical, nothing memorable."
Pizza Margherita,"Average taste, could be better."
Pizza Margherita,Terrible texture and presentation.
Pizza Margherita,Would not recommend to others.
Ramen Noodles,Incredibly satisfying and flavorful.
Ramen Noodles,Outstanding quality and portion size.
Ramen Noodles,"Not bad, but not great either."
Ramen Noodles,Terrible texture and presentation.
Sushi Roll,Amazing texture and taste combination.
Sushi Roll,Wonderfully prepared and beautifully presented.
Sushi Roll,A delightful culinary experience.
Sushi Roll,Outstanding quality and portion size.
Sushi Roll,Amazing texture and taste combination.
Sushi Roll,Wonderfully prepared and beautifully presented.
Sushi Roll,"Decent food, nothing special."
Sushi Roll,"Regular taste, nothing extraordinary."
Sushi Roll,Neither impressive nor disappointing.
Sushi Roll,Would not recommend to others.
Vegetable Stir Fry,Perfectly cooked and seasoned just right.
Vegetable Stir Fry,Perfect balance of ingredients and seasoning.
Vegetable Stir Fry,"Not bad, but not great either."
